,id,tag
0,3,['worried']
1,6,"['worse', 'worse']"
2,7,['wary']
3,11,['ptsd']
4,12,['fear']
5,13,['angry']
6,16,['doubted']
7,17,"['stressful', 'stressful']"
8,18,['stressful']
9,20,['doubted']
10,22,['doubted']
11,24,"['suicidal', 'therapy', 'therapy']"
12,27,['therapy']
13,29,['ptsd']
14,30,"['angry', 'angry', 'anxiety', 'lost']"
15,31,['affected']
16,32,"['anxiety', 'depression']"
17,33,['stressful']
18,34,['depression']
19,35,"['depression', 'depression', 'fear', 'fear']"
20,38,"['stressful', 'stressful']"
21,39,"['depression', 'ptsd', 'ptsd']"
22,40,['anxiety']
23,45,['fear']
24,47,"['anxiety', 'anxiety', 'depression', 'depression', 'suicidal', 'suicidal']"
25,49,['therapy']
26,53,"['angry', 'lonely', 'therapy']"
27,55,['depression']
28,59,['upset']
29,61,"['fear', 'fear']"
30,63,"['anxiety', 'fear']"
31,64,"['lonely', 'wary']"
32,65,"['doubted', 'stressful', 'stressful']"
33,66,['fear']
34,72,"['therapy', 'therapy', 'therapy']"
35,73,['stressful']
36,74,['angry']
37,77,['stressful']
38,78,['anxiety']
39,79,['depression']
40,80,['angry']
41,81,['ptsd']
42,83,"['depression', 'depression', 'doubted', 'doubted']"
43,85,['stressful']
44,86,['angry']
45,87,"['angry', 'stressful']"
46,89,['unsafe']
47,96,['stressful']
48,97,"['anxiety', 'depression']"
49,99,"['blamed', 'therapy']"
50,100,"['anxiety', 'stressful']"
51,101,"['depression', 'depression', 'stressful']"
52,109,"['stressful', 'stressful']"
53,110,['ptsd']
54,111,"['doubted', 'lost']"
55,113,"['blamed', 'uncomfortable']"
56,118,"['depression', 'doubted']"
57,119,"['stressful', 'vulnerable']"
58,120,"['anxiety', 'anxiety', 'depression', 'depression']"
59,122,['bad']
60,124,"['anxiety', 'depression']"
61,129,['angry']
62,132,"['lonely', 'blamed', 'lonely', 'stressful', 'stressful', 'uncomfortable', 'upset', 'upset']"
63,135,['lonely']
64,137,['stressful']
65,138,"['lonely', 'worried']"
66,139,"['anxiety', 'anxiety', 'stressful', 'stressful']"
67,141,['depression']
68,144,"['anxiety', 'anxiety', 'stressful']"
69,145,"['anxiety', 'disorder', 'disorder', 'therapy']"
70,146,['depression']
71,149,"['angry', 'angry', 'shame', 'shame', 'upset']"
72,152,['anxiety']
73,154,['therapy']
74,155,['doubted']
75,156,"['doubted', 'doubted']"
76,158,"['anxiety', 'shame']"
77,161,"['fear', 'uncomfortable']"
78,162,['angry']
79,163,['wary']
80,164,['anxiety']
81,166,"['anxiety', 'anxiety', 'depression', 'depression']"
82,167,"['anxiety', 'depression']"
83,168,"['angry', 'angry']"
84,169,"['depression', 'stressful']"
85,170,"['anxiety', 'depression']"
86,171,"['anxiety', 'stressful']"
87,172,"['affected', 'lost']"
88,173,['fear']
89,174,['lost']
90,175,"['anxiety', 'stressful']"
91,176,['anxiety']
92,180,"['anxiety', 'anxiety', 'shame']"
93,183,['panic']
94,184,"['lonely', 'therapy']"
95,186,"['anxiety', 'anxiety', 'depression']"
96,187,['doubted']
97,189,['uncomfortable']
98,191,"['bad', 'doubted']"
99,193,"['angry', 'doubted']"
100,194,['unsafe']
101,197,['doubted']
102,198,['fear']
103,200,['depression']
104,201,['lost']
105,203,"['angry', 'upset', 'upset']"
106,204,['angry']
107,205,['doubted']
108,206,"['anxiety', 'ptsd', 'stressful', 'therapy']"
109,210,['uncomfortable']
110,212,['anxiety']
111,214,"['guilty', 'shame']"
112,216,"['anxiety', 'depression', 'depression']"
113,218,"['angry', 'upset']"
114,219,"['angry', 'vulnerable']"
115,220,"['lonely', 'wary']"
116,224,['lonely']
117,225,"['doubted', 'fear']"
118,227,['uncomfortable']
119,228,"['upset', 'upset']"
120,231,"['anxiety', 'bad', 'bad', 'depression', 'struggling']"
121,233,['bad']
122,235,"['bad', 'bad']"
123,236,"['anxiety', 'anxiety']"
124,237,"['fear', 'anxiety', 'sufferring', 'sufferring']"
125,241,['uncomfortable']
126,244,['bad']
127,250,['stressful']
128,252,"['anxiety', 'anxiety']"
129,253,['disorder']
130,254,"['fear', 'fear']"
131,259,"['depression', 'depression']"
132,261,"['lonely', 'stressful']"
133,263,['depression']
134,264,['uncomfortable']
135,265,['bad']
136,269,"['lost', 'stressful', 'stressful']"
137,270,"['anxiety', 'fear']"
138,274,['angry']
139,278,['doubted']
140,279,['angry']
141,280,['angry']
142,281,"['anxiety', 'anxiety']"
143,285,"['lonely', 'anxiety', 'anxiety', 'depression', 'struggling']"
144,288,"['anxiety', 'depression', 'depression', 'ptsd', 'ptsd']"
145,290,"['anxiety', 'anxiety', 'disorder']"
146,294,"['anxiety', 'doubted', 'worried', 'worse']"
147,295,"['stressful', 'stressful']"
148,296,['stressful']
149,300,['worse']
150,301,"['lonely', 'depression', 'therapy']"
151,303,"['anxiety', 'anxiety', 'depression', 'fear', 'fear']"
152,304,"['affected', 'anxiety']"
153,305,['wary']
154,308,"['abusive', 'worse']"
155,309,"['fear', 'worried']"
156,312,"['depression', 'depression']"
157,315,['depression']
158,316,"['angry', 'angry']"
159,318,"['doubted', 'upset']"
160,320,"['anxiety', 'depression', 'depression']"
161,321,['stressful']
162,323,"['affected', 'angry']"
163,324,['stressful']
164,326,['stressful']
165,327,"['lost', 'shame', 'shame']"
166,328,['therapy']
167,329,"['stressful', 'struggling', 'struggling']"
168,330,"['anxiety', 'bad']"
169,331,['lonely']
170,332,"['anxiety', 'stressful']"
171,333,"['anxiety', 'stressful']"
172,334,"['anxiety', 'guilty']"
173,335,"['bad', 'sad', 'vulnerable']"
174,336,['angry']
175,337,['angry']
176,341,"['anxiety', 'anxiety']"
177,342,['unsafe']
178,347,"['doubted', 'therapy', 'therapy']"
179,350,['worried']
180,351,['fear']
181,353,['doubted']
182,354,['lost']
183,356,"['abusive', 'angry']"
184,358,"['angry', 'anxiety', 'blamed', 'stressful', 'uncomfortable']"
185,361,"['anxiety', 'anxiety', 'stressful']"
186,363,['doubted']
187,364,['anxiety']
188,367,['worried']
189,368,"['depression', 'bad']"
190,369,"['abusive', 'anxiety', 'blamed', 'fear', 'lonely', 'stressful']"
191,374,"['depression', 'depression']"
192,379,"['anxiety', 'anxiety', 'depression', 'depression', 'wary', 'panic', 'struggling', 'struggling']"
193,383,['stressful']
194,384,['anxiety']
195,386,['bad']
196,387,['shame']
197,388,"['anxiety', 'anxiety', 'depression', 'depression', 'panic', 'ptsd', 'ptsd']"
198,389,"['angry', 'angry', 'stressful', 'stressful']"
199,390,"['anxiety', 'anxiety', 'depression', 'depression']"
200,392,['anxiety']
201,393,['anxiety']
202,395,"['depression', 'depression', 'disorder', 'disorder']"
203,396,['vulnerable']
204,397,"['anxiety', 'anxiety', 'depression', 'panic']"
205,399,"['angry', 'depression', 'guilty', 'shame', 'shame']"
206,400,"['lonely', 'doubted']"
207,401,['depression']
208,405,['wary']
209,406,"['depression', 'ptsd', 'ptsd']"
210,407,"['therapy', 'therapy']"
211,411,['blamed']
212,412,['anxiety']
213,414,"['affected', 'angry', 'angry', 'depression', 'sufferring', 'sufferring']"
214,416,"['anxiety', 'depression', 'depression']"
215,423,"['fear', 'panic']"
216,425,['bad']
217,427,"['angry', 'anxiety']"
218,428,['worried']
219,429,['worried']
220,430,"['depression', 'disorder', 'ptsd', 'struggling']"
221,432,"['fear', 'fear', 'therapy']"
222,436,['lost']
223,437,"['depression', 'stressful']"
224,438,"['stressful', 'stressful']"
225,439,"['anxiety', 'depression', 'depression']"
226,441,['ptsd']
227,443,"['anxiety', 'anxiety', 'sufferring']"
228,446,"['angry', 'panic']"
229,448,"['anxiety', 'anxiety', 'depression']"
230,449,['therapy']
231,450,"['angry', 'angry', 'anxiety', 'anxiety', 'depression', 'depression']"
232,452,"['blamed', 'depression', 'depression', 'therapy']"
233,455,"['stressful', 'stressful']"
234,460,"['fear', 'depression', 'doubted', 'lost', 'panic', 'doubted', 'sufferring', 'sufferring']"
235,462,"['fear', 'guilty', 'therapy']"
236,463,"['fear', 'fear', 'panic', 'therapy']"
237,464,['worried']
238,469,['abusive']
239,472,"['lonely', 'angry', 'guilty', 'bad', 'worried']"
240,473,"['anxiety', 'anxiety', 'stressful', 'stressful']"
241,475,"['angry', 'shame']"
242,478,"['angry', 'worse']"
243,479,['angry']
244,480,"['anxiety', 'anxiety', 'depression', 'depression', 'panic', 'shame', 'shame', 'stressful', 'stressful', 'sufferring', 'sufferring']"
245,481,"['angry', 'angry', 'lost', 'worried']"
246,484,['ptsd']
247,485,"['anxiety', 'depression', 'depression']"
248,486,"['anxiety', 'doubted']"
249,487,['panic']
250,488,"['angry', 'therapy']"
251,490,['doubted']
252,491,['angry']
253,492,['shame']
254,494,['therapy']
255,497,['anxiety']
256,499,['doubted']
257,501,"['upset', 'upset']"
258,502,"['therapy', 'therapy']"
259,505,"['anxiety', 'anxiety', 'stressful']"
260,511,['stressful']
261,517,['depression']
262,518,"['ptsd', 'ptsd']"
263,520,"['lonely', 'lost']"
264,528,"['anxiety', 'doubted', 'doubted']"
265,530,"['fear', 'lonely', 'ptsd', 'ptsd']"
266,532,"['depression', 'depression']"
267,533,['anxiety']
268,534,"['angry', 'angry']"
269,535,['fear']
270,536,['wary']
271,537,"['struggling', 'therapy', 'therapy']"
272,538,['fear']
273,539,"['angry', 'lost']"
274,540,"['depression', 'sufferring', 'sufferring']"
275,541,['angry']
276,542,"['anxiety', 'anxiety']"
277,543,['angry']
278,550,['fear']
279,551,"['ptsd', 'ptsd']"
280,552,['doubted']
281,553,['worse']
282,554,['ptsd']
283,557,"['anxiety', 'anxiety', 'stressful', 'stressful']"
284,558,"['ptsd', 'therapy', 'therapy']"
285,559,"['fear', 'worried']"
286,560,"['lonely', 'depression', 'depression', 'fear']"
287,561,"['depression', 'depression', 'doubted']"
288,563,['anxiety']
289,565,['angry']
290,567,"['fear', 'bad']"
291,570,"['lonely', 'fear']"
292,571,['anxiety']
293,574,['anxiety']
294,575,"['shame', 'shame']"
295,576,"['lonely', 'anxiety', 'anxiety', 'depression']"
296,580,['ptsd']
297,581,['affected']
298,582,['panic']
299,583,"['fear', 'upset']"
300,585,['angry']
301,587,"['anxiety', 'therapy']"
302,588,['stressful']
303,591,"['doubted', 'upset', 'upset']"
304,592,['unsafe']
305,594,"['anxiety', 'anxiety', 'bad', 'bad', 'stressful', 'stressful', 'stressful', 'struggling', 'upset', 'vulnerable']"
306,595,"['doubted', 'doubted', 'doubted', 'doubted']"
307,596,['anxiety']
308,597,['struggling']
309,598,['therapy']
310,599,"['lost', 'panic']"
311,600,['stressful']
312,601,"['disorder', 'panic']"
313,606,['upset']
314,611,"['fear', 'upset']"
315,612,['stressful']
316,615,"['stressful', 'stressful']"
317,617,"['depression', 'depression']"
318,618,"['fear', 'depression']"
319,622,"['anxiety', 'depression', 'wary', 'panic', 'ptsd']"
320,623,['lonely']
321,624,"['anxiety', 'anxiety', 'depression', 'therapy']"
322,625,['wary']
323,628,['anxiety']
324,631,['angry']
325,632,"['fear', 'panic', 'ptsd']"
326,635,['anxiety']
327,636,"['lonely', 'anxiety', 'wary']"
328,637,"['depression', 'ptsd']"
329,638,['fear']
330,639,['stressful']
331,641,"['wary', 'therapy']"
332,642,"['anxiety', 'anxiety', 'depression', 'depression', 'fear', 'fear']"
333,643,"['anxiety', 'depression']"
334,644,['ptsd']
335,647,"['stressful', 'stressful']"
336,648,"['anxiety', 'anxiety', 'fear', 'fear', 'unsafe', 'therapy']"
337,649,"['fear', 'fear', 'worried']"
338,652,"['anxiety', 'stressful', 'stressful']"
339,655,['shame']
340,658,"['abusive', 'bad', 'therapy', 'guilty', 'angry', 'lost', 'shame', 'suicidal']"
341,659,"['anxiety', 'depression', 'wary', 'ptsd', 'ptsd', 'struggling', 'sufferring']"
342,666,"['anxiety', 'depression', 'stressful']"
343,669,['doubted']
344,672,['ptsd']
345,673,['shame']
346,674,['anxiety']
347,675,"['anxiety', 'anxiety', 'depression', 'depression', 'ptsd']"
348,676,"['anxiety', 'depression']"
349,677,['doubted']
350,681,['therapy']
351,682,"['anxiety', 'therapy']"
352,684,['shame']
353,685,"['depression', 'depression']"
354,686,['ptsd']
355,687,['ptsd']
356,688,['uncomfortable']
357,692,['depression']
358,694,"['affected', 'therapy']"
359,695,"['affected', 'therapy']"
360,696,"['affected', 'therapy']"
361,697,"['affected', 'therapy']"
362,699,['anxiety']
363,700,['stressful']
364,701,['guilty']
365,702,"['depression', 'ptsd']"
366,708,"['angry', 'angry', 'depression', 'depression', 'stressful']"
367,710,"['anxiety', 'anxiety', 'panic']"
368,712,"['depression', 'lonely']"
369,713,"['depression', 'depression']"
370,714,"['depression', 'stressful']"
371,715,['uncomfortable']
372,716,"['depression', 'lost']"
373,717,['panic']
374,722,"['doubted', 'therapy']"
375,727,['angry']
376,731,"['sufferring', 'sufferring', 'worse']"
377,733,['angry']
378,735,['upset']
379,736,['therapy']
380,739,"['fear', 'fear', 'lost']"
381,740,['bad']
382,743,"['stressful', 'stressful']"
383,744,"['anxiety', 'depression']"
384,746,['fear']
385,747,"['ptsd', 'ptsd']"
386,748,['worried']
387,750,['therapy']
388,751,['doubted']
389,754,"['therapy', 'therapy']"
390,755,"['depression', 'wary']"
391,756,"['fear', 'fear', 'shame', 'shame']"
392,759,['anxiety']
393,761,['upset']
394,763,['therapy']
395,769,"['abusive', 'lost']"
396,775,['therapy']
397,776,"['anxiety', 'therapy', 'disorder', 'panic', 'shame', 'struggling']"
398,777,['stressful']
399,779,['anxiety']
400,782,['ptsd']
401,784,['vulnerable']
402,787,['lost']
403,788,"['bad', 'blamed']"
404,789,"['depression', 'depression']"
405,790,['suicidal']
406,794,['stressful']
407,795,['angry']
408,796,['ptsd']
409,804,['upset']
410,805,['uncomfortable']
411,809,['lost']
412,811,"['doubted', 'stressful']"
413,812,"['anxiety', 'stressful', 'uncomfortable']"
414,814,['depression']
415,825,"['affected', 'wary']"
416,829,"['depression', 'depression', 'ptsd', 'ptsd']"
417,830,"['anxiety', 'depression']"
418,831,"['anxiety', 'depression']"
419,833,"['doubted', 'guilty']"
420,836,"['anxiety', 'depression']"
421,837,"['fear', 'lost']"
422,838,"['angry', 'fear']"
423,839,['angry']
424,840,['panic']
425,842,"['depression', 'depression', 'unsafe']"
426,848,"['anxiety', 'depression', 'sufferring', 'sufferring']"
427,851,['depression']
428,852,"['angry', 'sad', 'upset']"
429,855,['uncomfortable']
430,861,"['lonely', 'anxiety', 'panic']"
431,865,"['lonely', 'lost', 'stressful', 'therapy', 'therapy']"
432,867,"['angry', 'anxiety']"
433,868,"['ptsd', 'therapy']"
434,869,"['anxiety', 'depression', 'depression', 'disorder', 'disorder', 'ptsd']"
435,870,['anxiety']
436,871,"['lonely', 'bad']"
437,874,['anxiety']
438,877,"['anxiety', 'depression', 'therapy', 'panic']"
439,880,"['abusive', 'affected', 'doubted']"
440,881,"['sufferring', 'sufferring']"
441,882,"['angry', 'fear', 'worried']"
442,883,"['wary', 'worried']"
443,889,['shame']
444,890,"['abusive', 'depression', 'depression', 'ptsd', 'ptsd']"
445,891,"['abusive', 'depression', 'depression', 'ptsd', 'ptsd']"
446,892,['uncomfortable']
447,896,"['anxiety', 'depression', 'panic']"
448,897,['doubted']
449,898,['anxiety']
450,899,"['depression', 'depression']"
451,902,"['anxiety', 'disorder', 'doubted', 'struggling', 'struggling']"
452,903,"['anxiety', 'stressful', 'stressful']"
453,904,['bad']
454,906,['anxiety']
455,907,['anxiety']
456,908,['angry']
457,910,"['lonely', 'vulnerable', 'wary']"
458,912,"['disorder', 'disorder', 'stressful', 'therapy', 'therapy', 'therapy']"
459,913,['guilty']
460,915,"['anxiety', 'anxiety']"
461,916,['anxiety']
462,917,['depression']
463,919,"['angry', 'angry']"
464,921,"['anxiety', 'therapy']"
465,923,['angry']
466,924,"['lonely', 'lost']"
467,925,['stressful']
468,928,['panic']
469,929,"['fear', 'unsafe']"
470,930,['therapy']
471,931,['anxiety']
472,937,"['abusive', 'lost']"
473,942,['stressful']
474,945,"['abusive', 'anxiety', 'depression', 'depression', 'struggling']"
475,946,"['anxiety', 'anxiety', 'depression', 'depression', 'panic', 'ptsd', 'ptsd', 'ptsd']"
476,947,['stressful']
477,948,"['depression', 'suicidal', 'suicidal']"
478,949,"['angry', 'angry', 'anxiety', 'fear', 'guilty', 'panic', 'stressful']"
479,950,['stressful']
480,952,['blamed']
481,955,"['anxiety', 'depression', 'depression']"
482,956,['affected']
483,957,"['anxiety', 'anxiety', 'depression']"
484,959,"['anxiety', 'ptsd', 'ptsd', 'stressful', 'stressful', 'therapy', 'therapy']"
485,960,"['angry', 'depression']"
486,961,"['angry', 'stressful']"
487,964,['therapy']
488,969,"['fear', 'therapy']"
489,971,['worse']
490,973,"['anxiety', 'anxiety']"
491,976,"['wary', 'panic']"
492,977,"['fear', 'guilty', 'upset']"
493,980,['angry']
494,981,"['bad', 'depression']"
495,982,"['depression', 'suicidal']"
496,983,"['anxiety', 'ptsd']"
497,990,"['depression', 'worse']"
498,993,['vulnerable']
499,994,['worried']
500,997,"['anxiety', 'fear']"
501,1000,['disorder']
502,1002,"['anxiety', 'depression', 'sufferring']"
503,1003,['anxiety']
504,1005,['therapy']
505,1007,"['angry', 'doubted']"
506,1008,"['angry', 'angry', 'anxiety', 'anxiety', 'depression', 'depression', 'doubted', 'doubted', 'doubted', 'doubted', 'shame']"
507,1011,"['abusive', 'lost', 'struggling']"
508,1012,"['anxiety', 'anxiety', 'fear', 'fear', 'panic', 'therapy']"
509,1013,"['stressful', 'struggling', 'struggling']"
510,1014,['upset']
511,1015,['angry']
512,1016,['stressful']
513,1017,['unsafe']
514,1019,['doubted']
515,1020,['bad']
516,1022,['wary']
517,1024,"['anxiety', 'anxiety', 'depression', 'depression', 'ptsd']"
518,1025,['therapy']
519,1028,"['bad', 'sad']"
520,1029,"['angry', 'angry']"
521,1035,"['lonely', 'bad', 'stressful', 'worried']"
522,1036,['bad']
523,1037,['doubted']
524,1039,['depression']
525,1040,['worse']
526,1047,['depression']
527,1048,['therapy']
528,1049,"['depression', 'doubted', 'doubted', 'ptsd', 'ptsd', 'doubted', 'doubted']"
529,1051,['anxiety']
530,1055,"['ptsd', 'sufferring', 'sufferring']"
531,1059,"['depression', 'depression']"
532,1061,['anxiety']
533,1062,"['anxiety', 'doubted', 'panic', 'sufferring', 'sufferring']"
534,1063,['fear']
535,1064,['stressful']
536,1065,"['angry', 'angry', 'anxiety']"
537,1066,"['depression', 'depression']"
538,1069,['depression']
539,1072,"['lonely', 'anxiety', 'depression', 'guilty']"
540,1073,"['depression', 'depression']"
541,1074,"['therapy', 'bad', 'fear']"
542,1075,"['depression', 'disorder', 'disorder', 'panic', 'ptsd']"
543,1076,"['upset', 'upset']"
544,1077,"['angry', 'sad']"
545,1079,"['angry', 'angry', 'stressful']"
546,1084,"['fear', 'panic']"
547,1087,['depression']
548,1089,"['fear', 'anxiety', 'lost']"
549,1090,"['angry', 'angry', 'anxiety', 'anxiety', 'panic', 'ptsd', 'ptsd', 'shame', 'shame', 'sufferring', 'sufferring']"
550,1094,['therapy']
551,1100,['stressful']
552,1102,['depression']
553,1103,['vulnerable']
554,1107,"['anxiety', 'stressful']"
555,1109,['stressful']
556,1111,['suicidal']
557,1114,"['anxiety', 'depression', 'depression', 'disorder', 'disorder', 'lonely', 'ptsd', 'ptsd']"
558,1115,"['affected', 'fear', 'suicidal']"
559,1117,"['depression', 'struggling', 'therapy']"
560,1123,"['doubted', 'lonely', 'therapy']"
561,1124,['anxiety']
562,1125,"['anxiety', 'anxiety', 'depression', 'depression', 'suicidal']"
563,1131,"['anxiety', 'anxiety', 'depression', 'stressful', 'therapy']"
564,1132,"['stressful', 'stressful']"
565,1133,"['guilty', 'ptsd', 'ptsd']"
566,1135,['therapy']
567,1140,"['blamed', 'doubted', 'fear']"
568,1142,['lonely']
569,1143,['stressful']
570,1145,['anxiety']
571,1149,"['depression', 'lost', 'bad']"
572,1151,['depression']
573,1152,"['guilty', 'uncomfortable']"
574,1156,"['lonely', 'wary']"
575,1157,"['therapy', 'therapy']"
576,1158,"['fear', 'worried']"
577,1159,"['depression', 'depression', 'shame']"
578,1160,"['depression', 'depression', 'shame']"
579,1161,"['stressful', 'stressful']"
580,1163,"['blamed', 'doubted']"
581,1164,"['abusive', 'shame', 'vulnerable']"
582,1165,"['doubted', 'doubted']"
583,1166,['doubted']
584,1167,"['doubted', 'bad', 'upset']"
585,1168,['depression']
586,1169,"['depression', 'depression', 'therapy', 'therapy']"
587,1170,"['angry', 'doubted']"
588,1171,"['fear', 'lonely']"
589,1173,['uncomfortable']
590,1174,['depression']
591,1180,"['stressful', 'stressful']"
592,1182,['stressful']
593,1183,"['anxiety', 'stressful', 'stressful']"
594,1185,"['angry', 'angry', 'anxiety', 'bad', 'panic', 'ptsd']"
595,1187,['therapy']
596,1188,['angry']
597,1190,"['depression', 'depression']"
598,1193,"['anxiety', 'depression', 'depression', 'stressful']"
599,1200,"['depression', 'stressful', 'struggling', 'wary']"
600,1202,['depression']
601,1203,"['depression', 'ptsd']"
602,1204,['doubted']
603,1209,"['angry', 'angry', 'fear']"
604,1210,['fear']
605,1211,['fear']
606,1212,['worried']
607,1216,['upset']
608,1218,['angry']
609,1219,['uncomfortable']
610,1220,"['bad', 'therapy', 'therapy']"
611,1222,['bad']
612,1224,['ptsd']
613,1225,['bad']
614,1228,"['anxiety', 'anxiety', 'panic']"
615,1229,"['anxiety', 'stressful']"
616,1233,"['doubted', 'uncomfortable']"
617,1235,"['anxiety', 'anxiety', 'depression', 'depression']"
618,1237,['suicidal']
619,1238,['worse']
620,1240,"['angry', 'lost']"
621,1247,"['angry', 'lost']"
622,1248,"['fear', 'panic', 'fear']"
623,1251,"['depression', 'worse']"
624,1252,['fear']
625,1253,['anxiety']
626,1254,['suicidal']
627,1256,"['fear', 'depression', 'ptsd', 'ptsd', 'struggling']"
628,1257,"['unsafe', 'worried']"
629,1259,['wary']
630,1260,"['fear', 'shame', 'shame']"
631,1261,"['angry', 'stressful']"
632,1262,"['anxiety', 'panic', 'ptsd', 'sufferring', 'sufferring']"
633,1265,"['therapy', 'therapy']"
634,1267,"['therapy', 'depression']"
635,1268,"['anxiety', 'depression']"
636,1270,"['doubted', 'stressful', 'stressful', 'upset']"
637,1273,['depression']
638,1275,"['affected', 'fear', 'therapy', 'therapy']"
639,1277,"['depression', 'depression', 'suicidal']"
640,1279,"['doubted', 'doubted', 'lost', 'doubted', 'doubted']"
641,1281,['worse']
642,1283,['fear']
643,1285,['anxiety']
644,1286,"['angry', 'shame']"
645,1288,['angry']
646,1289,"['anxiety', 'lost', 'panic', 'therapy']"
647,1292,"['anxiety', 'depression', 'depression']"
648,1293,['upset']
649,1294,"['depression', 'doubted']"
650,1295,"['doubted', 'doubted', 'doubted', 'doubted']"
651,1296,['anxiety']
652,1297,['fear']
653,1298,['therapy']
654,1299,['shame']
655,1300,['fear']
656,1301,['fear']
657,1302,"['doubted', 'doubted', 'fear', 'fear']"
658,1309,"['anxiety', 'doubted', 'doubted']"
659,1311,"['anxiety', 'disorder']"
660,1315,"['anxiety', 'anxiety', 'depression', 'depression', 'panic', 'ptsd', 'ptsd']"
661,1316,"['anxiety', 'stressful']"
662,1317,"['anxiety', 'fear', 'fear', 'stressful']"
663,1319,"['fear', 'blamed']"
664,1320,['bad']
665,1323,['stressful']
666,1325,"['lonely', 'stressful']"
667,1327,['therapy']
668,1331,"['doubted', 'doubted']"
669,1333,"['depression', 'stressful', 'stressful']"
670,1334,"['anxiety', 'anxiety', 'stressful', 'stressful']"
671,1336,"['bad', 'stressful', 'therapy', 'therapy']"
672,1337,"['anxiety', 'depression']"
673,1342,"['affected', 'angry', 'angry']"
674,1343,"['blamed', 'depression', 'doubted']"
675,1344,['therapy']
676,1346,"['depression', 'depression', 'ptsd']"
677,1347,"['anxiety', 'therapy']"
678,1348,['stressful']
679,1349,"['depression', 'therapy']"
680,1350,"['therapy', 'therapy']"
681,1351,"['lonely', 'unsafe']"
682,1355,['anxiety']
683,1356,"['ptsd', 'ptsd']"
684,1357,['abusive']
685,1358,['upset']
686,1362,"['ptsd', 'ptsd']"
687,1363,"['angry', 'angry', 'doubted', 'doubted', 'shame']"
688,1364,['wary']
689,1366,"['anxiety', 'panic']"
690,1368,['therapy']
691,1370,"['lonely', 'uncomfortable', 'wary']"
692,1374,"['abusive', 'suicidal']"
693,1378,['depression']
694,1380,['panic']
695,1385,"['uncomfortable', 'worse']"
696,1387,['therapy']
697,1389,"['angry', 'angry', 'anxiety']"
698,1390,['upset']
699,1391,['abusive']
700,1392,['doubted']
701,1393,['anxiety']
702,1395,"['angry', 'depression']"
703,1398,['upset']
704,1399,['stressful']
705,1401,['worse']
706,1402,"['anxiety', 'disorder', 'disorder']"
707,1404,['stressful']
708,1406,['depression']
709,1409,['therapy']
710,1414,['therapy']
711,1417,['anxiety']
712,1418,"['anxiety', 'disorder']"
713,1419,['abusive']
714,1420,"['anxiety', 'anxiety', 'stressful']"
715,1421,"['upset', 'upset']"
716,1424,"['struggling', 'struggling']"
717,1425,"['angry', 'fear', 'fear']"
718,1428,['bad']
719,1432,['uncomfortable']
720,1433,"['fear', 'lonely', 'fear']"
721,1434,['wary']
722,1435,"['bad', 'bad']"
723,1437,"['depression', 'lost']"
724,1439,"['angry', 'angry', 'fear', 'fear']"
725,1440,['therapy']
726,1447,['stressful']
727,1448,['worried']
728,1449,"['stressful', 'stressful']"
729,1452,"['anxiety', 'suicidal', 'therapy', 'therapy']"
730,1454,"['anxiety', 'depression']"
731,1461,"['lonely', 'vulnerable']"
732,1463,['abusive']
733,1464,"['stressful', 'stressful']"
734,1466,['anxiety']
735,1470,"['therapy', 'therapy', 'therapy']"
736,1473,['struggling']
737,1475,['fear']
738,1478,['worse']
739,1479,['lost']
740,1483,"['abusive', 'struggling']"
741,1485,['stressful']
742,1489,['therapy']
743,1490,['unsafe']
744,1491,"['fear', 'stressful']"
745,1496,"['anxiety', 'unsafe', 'worried']"
746,1498,"['anxiety', 'depression']"
747,1499,"['abusive', 'depression', 'depression', 'panic']"
748,1501,"['shame', 'fear', 'worried']"
749,1502,"['anxiety', 'bad']"
750,1503,"['depression', 'shame']"
751,1505,"['fear', 'struggling', 'struggling']"
752,1506,['lonely']
753,1507,['lost']
754,1508,['stressful']
755,1511,['fear']
756,1512,['therapy']
757,1515,['anxiety']
758,1519,"['unsafe', 'bad']"
759,1520,['anxiety']
760,1522,['fear']
761,1525,['therapy']
762,1529,"['fear', 'lonely']"
763,1531,"['depression', 'ptsd', 'ptsd', 'therapy']"
764,1533,['angry']
765,1538,"['anxiety', 'wary']"
766,1539,"['angry', 'angry']"
767,1541,"['anxiety', 'anxiety']"
768,1542,"['doubted', 'doubted', 'doubted', 'doubted', 'worried']"
769,1543,"['abusive', 'angry']"
770,1545,['lonely']
771,1546,['doubted']
772,1548,['doubted']
773,1549,['depression']
774,1552,"['anxiety', 'depression', 'sufferring', 'sufferring']"
775,1553,['depression']
776,1554,['stressful']
777,1555,"['doubted', 'therapy']"
778,1557,['anxiety']
779,1563,"['anxiety', 'depression', 'struggling', 'struggling', 'sufferring', 'sufferring', 'worse']"
780,1566,['stressful']
781,1567,['lonely']
782,1569,['lonely']
783,1570,['lonely']
784,1572,"['angry', 'angry']"
785,1573,"['anxiety', 'anxiety', 'depression', 'depression', 'lost', 'stressful', 'stressful']"
786,1574,['anxiety']
787,1575,['bad']
788,1580,"['lost', 'stressful', 'worried']"
789,1581,['struggling']
790,1582,"['abusive', 'anxiety', 'stressful', 'suicidal']"
791,1583,['blamed']
792,1584,['lonely']
793,1585,['angry']
794,1586,"['bad', 'bad', 'blamed', 'doubted', 'lost', 'doubted', 'struggling', 'therapy']"
795,1587,['struggling']
796,1588,['therapy']
797,1589,['doubted']
798,1590,"['anxiety', 'depression', 'depression']"
799,1592,['doubted']
800,1593,['doubted']
801,1594,['anxiety']
802,1595,['shame']
803,1597,"['fear', 'unsafe']"
804,1603,"['anxiety', 'anxiety', 'depression', 'ptsd', 'ptsd']"
805,1605,"['anxiety', 'anxiety', 'depression', 'depression', 'shame']"
806,1606,"['guilty', 'unsafe', 'shame']"
807,1611,"['depression', 'depression', 'stressful', 'stressful']"
808,1612,"['angry', 'angry']"
809,1613,['panic']
810,1615,['depression']
811,1616,['shame']
812,1617,['shame']
813,1619,['lost']
814,1620,"['depression', 'depression', 'doubted']"
815,1622,['panic']
816,1623,"['depression', 'depression']"
817,1624,"['anxiety', 'lost']"
818,1626,"['fear', 'shame', 'shame']"
819,1627,"['stressful', 'stressful', 'worried']"
820,1628,['anxiety']
821,1632,"['anxiety', 'fear', 'fear']"
822,1633,['upset']
823,1637,"['anxiety', 'sufferring']"
824,1641,"['depression', 'depression', 'lost', 'doubted', 'shame', 'shame', 'therapy']"
825,1644,"['shame', 'uncomfortable']"
826,1651,"['suicidal', 'therapy', 'therapy']"
827,1653,['bad']
828,1654,['doubted']
829,1655,"['anxiety', 'depression']"
830,1658,['therapy']
831,1664,['angry']
832,1665,"['stressful', 'worried']"
833,1666,"['lonely', 'ptsd']"
834,1668,['shame']
835,1669,"['anxiety', 'fear']"
836,1671,"['fear', 'stressful']"
837,1672,"['stressful', 'therapy']"
838,1673,['upset']
839,1674,['lost']
840,1675,['stressful']
841,1677,"['depression', 'depression', 'fear', 'lost', 'shame', 'shame', 'struggling', 'therapy']"
842,1678,['worse']
843,1679,['depression']
844,1680,"['anxiety', 'therapy']"
845,1681,['stressful']
846,1682,"['depression', 'bad']"
847,1685,['anxiety']
848,1686,"['depression', 'therapy', 'worse']"
849,1687,['uncomfortable']
850,1688,"['angry', 'depression', 'depression']"
851,1690,"['angry', 'anxiety']"
852,1691,['anxiety']
853,1694,['anxiety']
854,1695,"['fear', 'stressful']"
855,1696,['angry']
856,1697,['doubted']
857,1698,"['bad', 'struggling', 'therapy']"
858,1700,"['anxiety', 'depression']"
859,1704,"['angry', 'stressful']"
860,1705,"['angry', 'angry', 'stressful', 'stressful']"
861,1707,['ptsd']
862,1710,['anxiety']
863,1711,['fear']
864,1713,"['panic', 'ptsd', 'ptsd']"
865,1714,"['ptsd', 'suicidal']"
866,1718,['angry']
867,1719,['angry']
868,1722,"['angry', 'fear', 'therapy', 'doubted']"
869,1723,"['angry', 'angry', 'lost', 'stressful', 'stressful']"
870,1724,['stressful']
871,1726,"['lonely', 'doubted', 'doubted', 'struggling', 'therapy', 'therapy']"
872,1727,['stressful']
873,1728,"['ptsd', 'ptsd']"
874,1731,['sad']
875,1732,['lost']
876,1733,['guilty']
877,1734,['lost']
878,1738,['panic']
879,1740,['bad']
880,1748,['suicidal']
881,1749,"['lonely', 'stressful']"
882,1750,['unsafe']
883,1751,"['angry', 'therapy']"
884,1752,"['anxiety', 'depression', 'doubted', 'fear']"
885,1753,['uncomfortable']
886,1754,['shame']
887,1755,"['doubted', 'doubted']"
888,1756,['wary']
889,1757,"['angry', 'anxiety', 'depression', 'depression', 'disorder', 'disorder', 'ptsd', 'ptsd', 'struggling', 'therapy']"
890,1759,"['anxiety', 'depression']"
891,1760,"['depression', 'depression', 'disorder', 'wary']"
892,1764,['uncomfortable']
893,1766,"['depression', 'depression']"
894,1768,"['angry', 'angry', 'depression', 'depression']"
895,1769,"['affected', 'lonely', 'anxiety', 'depression']"
896,1770,"['fear', 'unsafe']"
897,1771,"['depression', 'depression', 'doubted']"
898,1777,['lost']
899,1778,['stressful']
900,1779,['unsafe']
901,1781,"['lost', 'doubted']"
902,1782,"['depression', 'doubted', 'doubted', 'lost', 'doubted', 'doubted']"
903,1783,"['anxiety', 'anxiety', 'stressful']"
904,1784,['guilty']
905,1785,['anxiety']
906,1786,['lost']
907,1788,"['depression', 'ptsd']"
908,1791,['affected']
909,1792,['angry']
910,1793,"['anxiety', 'anxiety', 'depression', 'depression']"
911,1794,"['doubted', 'doubted']"
912,1796,['shame']
913,1798,"['angry', 'stressful', 'stressful']"
914,1799,"['upset', 'upset']"
915,1800,['abusive']
916,1801,"['stressful', 'stressful']"
917,1802,"['anxiety', 'stressful']"
918,1804,"['depression', 'unsafe']"
919,1806,"['anxiety', 'anxiety', 'therapy']"
920,1810,"['anxiety', 'depression', 'ptsd']"
921,1811,"['depression', 'struggling']"
922,1813,"['guilty', 'therapy']"
923,1814,['angry']
924,1816,"['anxiety', 'anxiety', 'depression', 'depression', 'ptsd']"
925,1823,['guilty']
926,1828,"['affected', 'fear']"
927,1830,['uncomfortable']
928,1831,"['anxiety', 'anxiety', 'stressful', 'stressful']"
929,1835,"['abusive', 'anxiety', 'bad', 'bad']"
930,1838,['fear']
931,1839,['fear']
932,1844,['shame']
933,1846,"['fear', 'guilty']"
934,1847,['angry']
935,1848,"['anxiety', 'depression']"
936,1850,"['doubted', 'stressful']"
937,1851,['stressful']
938,1852,"['anxiety', 'panic']"
939,1854,"['fear', 'lost']"
940,1855,"['angry', 'angry', 'fear', 'fear']"
941,1857,"['uncomfortable', 'worse']"
942,1858,"['angry', 'angry', 'fear']"
943,1859,"['fear', 'stressful', 'stressful', 'sufferring', 'sufferring', 'therapy', 'therapy']"
944,1860,"['angry', 'angry']"
945,1862,['doubted']
946,1863,['anxiety']
947,1865,['stressful']
948,1866,"['anxiety', 'anxiety', 'depression', 'depression', 'panic']"
949,1867,"['anxiety', 'therapy']"
950,1868,['uncomfortable']
951,1875,['therapy']
952,1876,"['anxiety', 'anxiety', 'lost']"
953,1877,['shame']
954,1880,['doubted']
955,1881,"['angry', 'angry', 'depression', 'depression', 'lost']"
956,1885,['affected']
957,1886,"['angry', 'stressful', 'worse']"
958,1888,['lonely']
959,1889,"['depression', 'depression', 'lost']"
960,1892,"['depression', 'doubted', 'stressful', 'stressful']"
961,1895,['anxiety']
962,1896,['depression']
963,1897,['stressful']
964,1898,"['anxiety', 'depression', 'doubted', 'stressful']"
965,1899,['fear']
966,1902,"['anxiety', 'upset', 'worse']"
967,1903,"['depression', 'sufferring']"
968,1905,['depression']
969,1906,"['affected', 'anxiety']"
970,1907,['bad']
971,1911,"['anxiety', 'fear', 'therapy', 'therapy', 'worse']"
972,1913,['anxiety']
973,1914,"['depression', 'panic', 'suicidal']"
974,1917,['angry']
975,1918,['stressful']
976,1919,"['angry', 'angry', 'stressful']"
977,1921,['sad']
978,1922,['sad']
979,1923,['sad']
980,1924,['sad']
981,1925,['sad']
982,1928,['angry']
983,1933,"['anxiety', 'blamed', 'depression', 'sufferring', 'sufferring']"
984,1936,"['lost', 'shame', 'shame']"
985,1937,"['fear', 'angry']"
986,1941,['lost']
987,1942,"['upset', 'upset']"
988,1946,"['anxiety', 'fear']"
989,1948,"['shame', 'upset']"
990,1950,['lonely']
991,1952,"['upset', 'upset']"
992,1955,['anxiety']
993,1959,['lost']
994,1965,['anxiety']
995,1968,['fear']
996,1969,"['shame', 'fear']"
997,1970,['depression']
998,1971,['angry']
999,1972,['depression']
1000,1973,"['fear', 'depression', 'depression', 'doubted', 'doubted', 'bad', 'upset', 'upset']"
1001,1977,['stressful']
1002,1978,"['shame', 'shame', 'stressful', 'stressful', 'therapy', 'upset']"
1003,1980,['stressful']
1004,1981,['guilty']
1005,1982,"['lonely', 'fear']"
1006,1985,"['angry', 'guilty']"
1007,1986,['guilty']
1008,1987,"['anxiety', 'depression', 'sufferring', 'sufferring', 'therapy']"
1009,1988,['unsafe']
1010,1992,"['abusive', 'angry']"
1011,1994,['depression']
1012,1997,"['doubted', 'doubted']"
1013,1998,"['angry', 'stressful', 'stressful']"
1014,1999,['angry']
1015,2000,"['stressful', 'stressful']"
1016,2003,['bad']
1017,2004,['lost']
1018,2005,['bad']
1019,2006,"['therapy', 'fear']"
1020,2007,"['depression', 'doubted']"
1021,2008,['ptsd']
1022,2009,"['doubted', 'doubted']"
1023,2011,"['stressful', 'stressful']"
1024,2012,['stressful']
1025,2013,"['suicidal', 'suicidal']"
1026,2014,"['lost', 'stressful']"
1027,2016,"['doubted', 'fear', 'doubted']"
1028,2020,"['lost', 'stressful', 'stressful', 'upset']"
1029,2028,"['anxiety', 'anxiety', 'depression', 'depression']"
1030,2029,['stressful']
1031,2030,['depression']
1032,2031,"['therapy', 'ptsd', 'ptsd']"
1033,2033,"['fear', 'lonely']"
1034,2034,"['fear', 'fear']"
1035,2036,"['anxiety', 'anxiety', 'blamed']"
1036,2037,"['abusive', 'fear']"
1037,2044,"['depression', 'depression', 'worse']"
1038,2045,['lost']
1039,2046,"['anxiety', 'anxiety', 'depression', 'depression', 'ptsd', 'ptsd']"
1040,2047,['unsafe']
1041,2048,"['depression', 'depression', 'lost']"
1042,2051,['stressful']
1043,2054,"['depression', 'shame']"
1044,2056,['lost']
1045,2066,['depression']
1046,2068,['worse']
1047,2069,['shame']
1048,2072,['lonely']
1049,2073,"['anxiety', 'anxiety', 'fear', 'fear', 'lost']"
1050,2074,['angry']
1051,2075,['angry']
1052,2076,['angry']
1053,2077,['fear']
1054,2078,['affected']
1055,2080,['anxiety']
1056,2081,['sufferring']
1057,2085,"['lonely', 'fear']"
1058,2087,['doubted']
1059,2088,"['fear', 'lost', 'therapy']"
1060,2089,['therapy']
1061,2090,"['lost', 'therapy']"
1062,2092,"['depression', 'struggling', 'struggling']"
1063,2093,['stressful']
1064,2095,"['lost', 'stressful', 'therapy']"
1065,2096,"['doubted', 'doubted']"
1066,2100,['shame']
1067,2102,"['anxiety', 'depression', 'lost']"
1068,2105,"['abusive', 'anxiety', 'anxiety', 'disorder', 'disorder', 'lost']"
1069,2108,['doubted']
1070,2109,"['shame', 'depression', 'doubted', 'sufferring', 'sufferring']"
1071,2110,"['depression', 'depression', 'unsafe']"
1072,2111,"['anxiety', 'bad', 'depression', 'depression', 'suicidal']"
1073,2113,"['depression', 'depression']"
1074,2114,['depression']
1075,2115,"['angry', 'angry']"
1076,2116,"['fear', 'fear', 'stressful', 'stressful', 'vulnerable']"
1077,2125,['doubted']
1078,2126,"['angry', 'stressful']"
1079,2128,"['shame', 'lost']"
1080,2129,"['anxiety', 'bad', 'bad']"
1081,2130,"['suicidal', 'suicidal']"
1082,2131,['ptsd']
1083,2132,"['fear', 'upset', 'upset']"
1084,2134,"['anxiety', 'depression']"
1085,2136,"['stressful', 'stressful']"
1086,2137,['anxiety']
1087,2140,"['anxiety', 'depression', 'doubted', 'doubted']"
1088,2141,"['angry', 'stressful', 'stressful']"
1089,2145,['doubted']
1090,2147,['anxiety']
1091,2148,['shame']
1092,2149,['anxiety']
1093,2150,['blamed']
1094,2152,"['lonely', 'wary']"
1095,2153,['angry']
1096,2154,['struggling']
1097,2158,['angry']
1098,2159,['stressful']
1099,2160,"['stressful', 'stressful']"
1100,2163,"['therapy', 'therapy']"
1101,2166,"['lonely', 'stressful']"
1102,2168,['guilty']
1103,2169,"['fear', 'shame', 'doubted']"
1104,2171,"['anxiety', 'shame', 'therapy', 'stressful']"
1105,2172,['angry']
1106,2173,['guilty']
1107,2174,"['anxiety', 'doubted']"
1108,2178,"['angry', 'depression', 'depression']"
1109,2181,"['doubted', 'unsafe']"
1110,2182,['worried']
1111,2183,['anxiety']
1112,2184,['shame']
1113,2186,"['guilty', 'fear']"
1114,2187,"['depression', 'worried', 'worse']"
1115,2188,"['anxiety', 'anxiety', 'panic', 'ptsd', 'ptsd']"
1116,2189,['wary']
1117,2190,"['fear', 'bad', 'guilty']"
1118,2192,"['lonely', 'therapy', 'stressful', 'stressful', 'worried']"
1119,2195,"['lonely', 'anxiety', 'fear', 'fear', 'guilty', 'lonely']"
1120,2198,"['depression', 'suicidal']"
1121,2201,"['angry', 'fear', 'fear']"
1122,2204,"['anxiety', 'stressful']"
1123,2205,['angry']
1124,2207,"['angry', 'wary']"
1125,2208,"['affected', 'angry', 'anxiety', 'depression']"
1126,2210,"['depression', 'depression']"
1127,2211,"['anxiety', 'anxiety', 'depression', 'depression', 'doubted', 'bad', 'stressful', 'stressful', 'worse']"
1128,2212,['stressful']
1129,2214,"['anxiety', 'disorder']"
1130,2216,"['anxiety', 'depression']"
1131,2217,"['blamed', 'depression', 'depression']"
1132,2218,"['fear', 'anxiety', 'anxiety']"
1133,2219,"['fear', 'anxiety', 'anxiety']"
1134,2220,"['therapy', 'therapy']"
1135,2221,"['angry', 'anxiety']"
1136,2222,"['doubted', 'doubted']"
1137,2223,['ptsd']
1138,2224,['ptsd']
1139,2225,['stressful']
1140,2226,"['anxiety', 'anxiety', 'depression', 'disorder', 'therapy']"
1141,2229,"['stressful', 'worse']"
1142,2230,"['affected', 'stressful']"
1143,2231,['therapy']
1144,2233,"['depression', 'depression', 'suicidal']"
1145,2234,"['anxiety', 'anxiety', 'fear', 'fear']"
1146,2235,['stressful']
1147,2237,['angry']
1148,2238,['depression']
1149,2239,"['anxiety', 'ptsd', 'ptsd']"
1150,2240,"['doubted', 'doubted', 'doubted']"
1151,2241,"['doubted', 'doubted']"
1152,2243,"['anxiety', 'uncomfortable']"
1153,2244,['stressful']
1154,2245,"['angry', 'angry']"
1155,2246,"['doubted', 'fear', 'guilty', 'doubted', 'stressful']"
1156,2249,"['angry', 'bad', 'worried']"
1157,2250,['angry']
1158,2256,"['lonely', 'anxiety', 'depression']"
1159,2258,"['angry', 'angry', 'anxiety', 'anxiety', 'depression', 'depression']"
1160,2259,"['depression', 'doubted', 'doubted', 'ptsd', 'ptsd', 'doubted', 'doubted', 'therapy', 'therapy']"
1161,2261,"['depression', 'depression', 'worse']"
1162,2262,"['depression', 'depression']"
1163,2263,"['anxiety', 'doubted', 'doubted']"
1164,2264,"['anxiety', 'depression']"
1165,2265,['depression']
1166,2266,['bad']
1167,2269,"['anxiety', 'depression', 'therapy']"
1168,2270,['bad']
1169,2271,['bad']
1170,2272,"['stressful', 'stressful']"
1171,2273,['anxiety']
1172,2276,['lonely']
1173,2278,['stressful']
1174,2279,"['ptsd', 'ptsd']"
1175,2281,['lost']
1176,2282,['doubted']
1177,2283,['doubted']
1178,2284,"['anxiety', 'anxiety', 'depression', 'depression', 'fear', 'fear', 'stressful', 'stressful', 'sufferring', 'sufferring', 'vulnerable']"
1179,2285,['therapy']
1180,2287,['doubted']
1181,2288,['ptsd']
1182,2293,['lonely']
1183,2294,['worse']
1184,2296,['suicidal']
1185,2297,['suicidal']
1186,2301,['sad']
1187,2303,"['anxiety', 'depression']"
1188,2304,"['depression', 'suicidal']"
1189,2305,['wary']
1190,2307,['lonely']
1191,2310,"['depression', 'depression', 'ptsd', 'therapy']"
1192,2311,['depression']
1193,2314,['doubted']
1194,2315,['doubted']
1195,2316,"['anxiety', 'doubted']"
1196,2321,"['anxiety', 'therapy']"
1197,2323,"['affected', 'lonely', 'doubted', 'fear', 'fear', 'lonely']"
1198,2325,"['ptsd', 'stressful']"
1199,2328,['upset']
1200,2329,"['anxiety', 'depression', 'depression', 'disorder']"
1201,2330,['uncomfortable']
1202,2332,"['anxiety', 'depression', 'stressful']"
1203,2335,['ptsd']
1204,2336,['depression']
1205,2340,"['anxiety', 'anxiety']"
1206,2341,"['anxiety', 'panic', 'therapy']"
1207,2343,"['anxiety', 'anxiety', 'depression', 'depression', 'ptsd', 'ptsd', 'suicidal']"
1208,2344,['stressful']
1209,2345,['stressful']
1210,2347,"['anxiety', 'stressful']"
1211,2350,"['anxiety', 'unsafe']"
1212,2351,['ptsd']
1213,2353,['angry']
1214,2354,['angry']
1215,2355,['depression']
1216,2356,['ptsd']
1217,2360,['affected']
1218,2364,"['angry', 'doubted', 'stressful', 'stressful']"
1219,2366,['anxiety']
1220,2367,"['lonely', 'anxiety']"
1221,2371,"['anxiety', 'anxiety']"
1222,2375,['depression']
1223,2380,"['angry', 'depression', 'stressful', 'stressful', 'upset']"
1224,2383,"['anxiety', 'disorder', 'panic']"
1225,2385,['abusive']
1226,2386,"['therapy', 'panic']"
1227,2389,"['anxiety', 'lost']"
1228,2399,"['shame', 'shame']"
1229,2400,['angry']
1230,2401,['depression']
1231,2402,"['depression', 'suicidal']"
1232,2403,['ptsd']
1233,2404,['fear']
1234,2405,"['lost', 'therapy', 'panic', 'upset']"
1235,2406,['anxiety']
1236,2407,['angry']
1237,2408,"['angry', 'angry', 'shame']"
1238,2410,['wary']
1239,2411,"['angry', 'angry', 'depression']"
1240,2412,"['angry', 'angry']"
1241,2414,['depression']
1242,2415,['suicidal']
1243,2417,"['doubted', 'lost', 'stressful', 'stressful', 'fear']"
1244,2418,['stressful']
1245,2419,"['lonely', 'fear']"
1246,2425,['wary']
1247,2428,"['anxiety', 'guilty', 'wary', 'sad', 'stressful', 'stressful', 'uncomfortable', 'worried']"
1248,2429,"['depression', 'ptsd']"
1249,2430,['angry']